customer_id,company_name,industry,company_size,plan_tier,mrr_usd,signup_date,churned,churn_date
CUST-0001,Company 0001,Pest Control,1-10,Basic,130,2024-12-15,N,
CUST-0002,Company 0002,Pest Control,11-50,Professional,411,2024-10-26,N,
CUST-0003,Company 0003,Property Maintenance,1-10,Basic,147,2024-11-14,N,
CUST-0004,Company 0004,Property Maintenance,11-50,Professional,334,2025-12-13,N,
CUST-0005,Company 0005,Landscaping,11-50,Professional,335,2024-05-15,N,
CUST-0006,Company 0006,Property Maintenance,1-10,Basic,150,2024-12-01,N,
CUST-0007,Company 0007,Electrical,1-10,Professional,574,2025-05-04,N,
CUST-0008,Company 0008,Electrical,51-200,Enterprise,929,2024-12-30,N,
CUST-0009,Company 0009,Property Maintenance,1-10,Basic,113,2025-08-20,N,
CUST-0010,Company 0010,IT Field Services,11-50,Basic,146,2024-07-25,N,
CUST-0011,Company 0011,Landscaping,1-10,Basic,171,2025-11-02,N,
CUST-0012,Company 0012,Electrical,51-200,Professional,458,2024-12-16,N,
CUST-0013,Company 0013,IT Field Services,1-10,Basic,99,2024-10-09,Y,2026-02-26
CUST-0014,Company 0014,IT Field Services,11-50,Professional,507,2025-07-18,Y,2025-11-25
CUST-0015,Company 0015,HVAC & Plumbing,1-10,Basic,167,2024-11-22,Y,2025-11-17
CUST-0016,Company 0016,Property Maintenance,1-10,Basic,161,2024-12-14,N,
CUST-0017,Company 0017,Pest Control,201+,Enterprise,1795,2025-08-23,N,
CUST-0018,Company 0018,IT Field Services,1-10,Professional,340,2025-07-22,Y,2026-02-26
CUST-0019,Company 0019,Cleaning Services,11-50,Enterprise,1869,2025-03-11,N,
CUST-0020,Company 0020,IT Field Services,201+,Professional,336,2024-07-27,N,
CUST-0021,Company 0021,IT Field Services,201+,Enterprise,815,2024-03-16,N,
CUST-0022,Company 0022,Landscaping,1-10,Basic,190,2024-02-25,N,
CUST-0023,Company 0023,Property Maintenance,1-10,Basic,119,2024-07-13,N,
CUST-0024,Company 0024,HVAC & Plumbing,1-10,Basic,144,2024-11-27,N,
CUST-0025,Company 0025,Property Maintenance,51-200,Enterprise,849,2025-07-29,N,
CUST-0026,Company 0026,Cleaning Services,1-10,Professional,478,2025-03-22,N,
CUST-0027,Company 0027,Landscaping,11-50,Professional,573,2025-02-23,N,
CUST-0028,Company 0028,IT Field Services,201+,Professional,496,2024-06-17,N,
CUST-0029,Company 0029,IT Field Services,51-200,Enterprise,1202,2025-01-21,N,
CUST-0030,Company 0030,Landscaping,11-50,Professional,582,2025-09-20,N,
CUST-0031,Company 0031,Property Maintenance,11-50,Professional,537,2024-11-02,N,
CUST-0032,Company 0032,HVAC & Plumbing,51-200,Professional,457,2025-06-12,N,
CUST-0033,Company 0033,Cleaning Services,11-50,Basic,182,2025-10-11,N,
CUST-0034,Company 0034,Property Maintenance,11-50,Professional,585,2024-05-29,N,
CUST-0035,Company 0035,Landscaping,51-200,Professional,565,2024-09-19,N,
CUST-0036,Company 0036,Electrical,1-10,Basic,187,2024-12-01,Y,2025-12-01
CUST-0037,Company 0037,HVAC & Plumbing,201+,Enterprise,1597,2024-11-25,N,
CUST-0038,Company 0038,Pest Control,51-200,Professional,538,2025-09-20,N,
CUST-0039,Company 0039,Landscaping,1-10,Basic,142,2025-01-05,Y,2025-11-28
CUST-0040,Company 0040,HVAC & Plumbing,51-200,Professional,314,2025-05-20,N,
CUST-0041,Company 0041,Electrical,11-50,Basic,171,2024-10-09,N,
CUST-0042,Company 0042,Pest Control,51-200,Enterprise,1611,2024-01-27,N,
CUST-0043,Company 0043,IT Field Services,51-200,Enterprise,1890,2024-11-16,N,
CUST-0044,Company 0044,Cleaning Services,201+,Enterprise,1112,2024-11-09,N,
CUST-0045,Company 0045,Landscaping,1-10,Basic,110,2024-11-01,Y,2025-11-17
CUST-0046,Company 0046,Landscaping,51-200,Professional,583,2026-01-18,N,
CUST-0047,Company 0047,Cleaning Services,11-50,Basic,110,2024-12-10,N,
CUST-0048,Company 0048,Landscaping,1-10,Basic,139,2024-10-21,N,
CUST-0049,Company 0049,IT Field Services,1-10,Basic,123,2025-01-24,Y,2026-03-12
CUST-0050,Company 0050,HVAC & Plumbing,11-50,Professional,544,2024-11-03,N,
CUST-0051,Company 0051,Pest Control,1-10,Basic,171,2025-11-02,N,
CUST-0052,Company 0052,PropertyMaintenance,11-50,Professional,455,2024-06-25,N,
CUST-0053,Company 0053,HVAC & Plumbing,1-10,Basic,156,2024-10-04,Y,2026-01-15
CUST-0054,Company 0054,Electrical,11-50,Professional,414,2024-04-05,N,
CUST-0055,Company 0055,Landscaping,11-50,Professional,454,2024-02-12,N,
CUST-0056,Company 0056,Property Maintenance,51-200,Enterprise,841,2024-03-11,N,
CUST-0057,Company 0057,Cleaning Services,11-50,Professional,345,2024-10-04,N,
CUST-0058,Company 0058,IT Field Services,1-10,Basic,139,2024-12-14,N,
CUST-0059,Company 0059,Electrical,11-50,Enterprise,1819,2024-04-28,N,
CUST-0060,Company 0060,Electrical,51-200,Enterprise,1791,2025-09-26,Y,2025-10-26
CUST-0061,Company 0061,HVAC & Plumbing,11-50,Basic,162,2025-04-05,N,
CUST-0062,Company 0062,Pest Control,51-200,Professional,440,2024-11-30,N,
CUST-0063,Company 0063,IT Field Services,11-50,Professional,395,2024-02-14,N,
CUST-0064,Company 0064,Cleaning Services,11-50,Basic,162,2025-09-21,N,
CUST-0065,Company 0065,Pest Control,201+,Professional,539,2025-05-02,N,
CUST-0066,Company 0066,Cleaning Services,51-200,Professional,334,2025-06-02,N,
CUST-0067,Company 0067,Landscaping,51-200,Professional,465,2025-12-02,N,
CUST-0068,Company 0068,Electrical,1-10,Professional,494,2024-05-04,N,
CUST-0069,Company 0069,Electrical,1-10,Basic,174,2024-11-20,N,
CUST-0070,Company 0070,Landscaping,201+,Enterprise,843,2024-03-25,N,
CUST-0071,Company 0071,Pest Control,11-50,Professional,416,2024-05-17,N,
CUST-0072,Company 0072,Pest Control,1-10,Basic,138,2025-12-25,N,
CUST-0073,Company 0073,Landscaping,51-200,Professional,545,2025-04-01,N,
CUST-0074,Company 0074,Pest Control,201+,Enterprise,1548,2025-10-28,N,
CUST-0075,Company 0075,Cleaning Services,11-50,Professional,598,2025-01-03,N,
CUST-0076,Company 0076,Property Maintenance,11-50,Professional,508,2025-10-01,N,
CUST-0077,Company 0077,Landscaping,11-50,Professional,513,2024-06-06,N,
CUST-0078,Company 0078,Electrical,51-200,Professional,487,2024-07-20,N,
CUST-0079,Company 0079,HVAC & Plumbing,11-50,Enterprise,842,2025-12-08,N,
CUST-0080,Company 0080,Property Maintenance,1-10,Professional,300,2025-04-20,N,
CUST-0081,Company 0081,HVAC & Plumbing,11-50,Professional,464,2026-01-12,N,
CUST-0082,Company 0082,Property Maintenance,11-50,Enterprise,1022,2024-10-23,N,
CUST-0083,Company 0083,HVAC & Plumbing,201+,Enterprise,1672,2024-02-26,N,
CUST-0084,Company 0084,Landscaping,11-50,Enterprise,1885,2025-04-02,N,
CUST-0085,Company 0085,IT Field Services,11-50,Professional,519,2024-10-23,N,
CUST-0086,Company 0086,Cleaning Services,1-10,Basic,110,2024-01-03,N,
CUST-0087,Company 0087,Pest Control,201+,Enterprise,904,2025-04-09,N,
CUST-0088,Company 0088,IT Field Services,1-10,Basic,170,2024-05-02,N,
CUST-0089,Company 0089,Landscaping,11-50,Basic,117,2024-12-14,Y,2025-10-04
CUST-0090,Company 0090,IT Field Services,11-50,Basic,118,2024-10-10,Y,2026-02-23
CUST-0091,Company 0091,Landscaping,11-50,Professional,548,2024-08-07,N,
CUST-0092,Company 0092,IT Field Services,1-10,Basic,137,2025-09-10,N,
CUST-0093,Company 0093,Property Maintenance,11-50,Professional,320,2024-11-08,Y,2026-02-24
CUST-0094,Company 0094,Electrical,51-200,Enterprise,1741,2024-02-22,N,
CUST-0095,Company 0095,Cleaning Services,51-200,Enterprise,1252,2025-02-21,N,
CUST-0096,Company 0096,Electrical,51-200,Enterprise,1518,2024-01-15,N,
CUST-0097,Company 0097,Property Maintenance,11-50,Professional,587,2024-06-14,N,
CUST-0098,Company 0098,Pest Control,1-10,Basic,174,2024-10-25,Y,2025-11-17
CUST-0099,Company 0099,Pest Control,51-200,Enterprise,1969,2024-04-01,N,
CUST-0100,Company 0100,HVAC & Plumbing,11-50,Basic,104,2024-11-02,N,
CUST-0101,Company 0101,HVAC & Plumbing,1-10,Professional,496,2025-04-13,N,
CUST-0102,Company 0102,Landscaping,201+,Enterprise,1063,2024-05-29,N,
CUST-0103,Company 0103,Pest Control,51-200,Professional,568,2025-10-25,N,
CUST-0104,Company 0104,HVAC & Plumbing,1-10,Basic,163,2024-01-03,N,
CUST-0105,Company 0105,Property Maintenance,11-50,Enterprise,1570,2025-08-24,N,
CUST-0106,Company 0106,Electrical,201+,Enterprise,1382,2024-10-26,N,
CUST-0107,Company 0107,IT Field Services,11-50,Basic,124,2025-09-09,N,
CUST-0108,Company 0108,Landscaping,11-50,Basic,190,2025-09-23,N,
CUST-0109,Company 0109,Electrical,51-200,Enterprise,853,2024-11-30,Y,2025-11-07
CUST-0110,Company 0110,Electrical,1-10,Professional,370,2024-02-06,N,
CUST-0111,Company 0111,Cleaning Services,1-10,Basic,129,2025-12-11,Y,2026-01-10
CUST-0112,Company 0112,HVAC & Plumbing,11-50,Professional,591,2024-11-28,N,
CUST-0113,Company 0113,IT Field Services,11-50,Professional,539,2025-12-15,N,
CUST-0114,Company 0114,Landscaping,11-50,Basic,198,2024-02-16,N,
CUST-0115,Company 0115,HVAC & Plumbing,1-10,Basic,164,2024-07-21,N,
CUST-0116,Company 0116,Pest Control,1-10,Basic,146,2024-12-15,N,
CUST-0117,Company 0117,IT Field Services,1-10,Basic,192,2024-11-14,N,
CUST-0118,Company 0118,Cleaning Services,11-50,Basic,192,2025-02-01,N,
CUST-0119,Company 0119,Electrical,201+,Enterprise,1696,2025-12-24,N,
CUST-0120,Company 0120,HVAC & Plumbing,11-50,Professional,486,2024-12-17,N,
CUST-0121,Company 0121,HVAC & Plumbing,1-10,Basic,189,2024-05-12,Y,2025-11-10
CUST-0122,Company 0122,Pest Control,1-10,Basic,169,2025-03-27,N,
CUST-0123,Company 0123,Electrical,51-200,Professional,483,2024-07-10,N,
CUST-0124,Company 0124,Property Maintenance,11-50,Basic,139,2024-10-25,N,
CUST-0125,Company 0125,Electrical,11-50,Basic,114,2025-03-23,Y,2025-12-23
CUST-0126,Company 0126,Electrical,11-50,Enterprise,1891,2025-10-25,N,
CUST-0127,Company 0127,HVAC & Plumbing,1-10,Professional,434,2024-04-02,Y,2025-10-20
CUST-0128,Company 0128,Landscaping,11-50,Basic,119,2024-09-20,N,
CUST-0129,Company 0129,Property Maintenance,11-50,Professional,353,2025-03-08,N,
CUST-0130,Company 0130,Electrical,51-200,Enterprise,1439,2025-07-18,N,
CUST-0131,Company 0131,Electrical,1-10,Basic,105,2024-10-26,N,
CUST-0132,Company 0132,Cleaning Services,11-50,Professional,325,2024-06-24,N,
CUST-0133,Company 0133,Pest Control,11-50,Basic,111,2025-02-15,N,
CUST-0134,Company 0134,Cleaning Services,1-10,Professional,370,2025-02-27,N,
CUST-0135,Company 0135,Cleaning Services,11-50,Professional,542,2026-01-11,N,
CUST-0136,Company 0136,IT Field Services,1-10,Basic,173,2024-08-10,N,
CUST-0137,Company 0137,Electrical,1-10,Basic,152,2024-10-01,Y,2025-11-07
CUST-0138,Company 0138,Cleaning Services,11-50,Professional,387,2024-10-15,N,
CUST-0139,Company 0139,Electrical,201+,Enterprise,1390,2024-02-07,N,
CUST-0140,Company 0140,Property Maintenance,1-10,Basic,136,2024-12-18,Y,2025-11-22
CUST-0141,Company 0141,HVAC & Plumbing,11-50,Enterprise,1289,2025-05-25,Y,2025-10-31
CUST-0142,Company 0142,Electrical,11-50,Professional,543,2024-04-02,N,
CUST-0143,Company 0143,Property Maintenance,201+,Enterprise,1654,2025-08-01,N,
CUST-0144,Company 0144,Property Maintenance,51-200,Professional,303,2025-03-29,N,
CUST-0145,Company 0145,Property Maintenance,11-50,Professional,397,2025-10-05,N,
CUST-0146,Company 0146,Electrical,1-10,Basic,153,2025-11-01,N,
CUST-0147,Company 0147,Landscaping,1-10,Professional,304,2025-05-06,N,
CUST-0148,Company 0148,Pest Control,1-10,Basic,146,2025-06-18,N,
CUST-0149,Company 0149,IT Field Services,51-200,Professional,425,2024-03-03,N,
CUST-0150,Company 0150,IT Field Services,1-10,Basic,165,2024-03-03,Y,2025-10-17
CUST-0151,Company 0151,IT Field Services,11-50,Professional,310,2024-12-19,N,
CUST-0152,Company 0152,HVAC & Plumbing,1-10,Basic,188,2024-12-21,N,
CUST-0153,Company 0153,Property Maintenance,11-50,Professional,490,2025-01-02,N,
CUST-0154,Company 0154,HVAC & Plumbing,1-10,Professional,500,2024-08-05,Y,2026-01-17
CUST-0155,Company 0155,Cleaning Services,1-10,Basic,123,2024-01-17,N,
CUST-0156,Company 0156,HVAC & Plumbing,1-10,Basic,111,2024-10-28,N,
CUST-0157,Company 0157,Landscaping,1-10,Professional,462,2024-06-16,N,
CUST-0158,Company 0158,Landscaping,1-10,Professional,388,2024-04-27,N,
CUST-0159,Company 0159,Electrical,51-200,Enterprise,1292,2025-06-12,N,
CUST-0160,Company 0160,Electrical,1-10,Basic,156,2025-10-26,N,
CUST-0161,Company 0161,Electrical,11-50,Professional,454,2026-01-13,N,
CUST-0162,Company 0162,Cleaning Services,11-50,Professional,456,2025-05-06,N,
CUST-0163,Company 0163,Electrical,1-10,Professional,598,2024-06-14,N,
CUST-0164,Company 0164,Pest Control,1-10,Professional,550,2024-10-14,Y,2025-12-15
CUST-0165,Company 0165,HVAC & Plumbing,51-200,Enterprise,1080,2024-04-23,N,
CUST-0166,Company 0166,Pest Control,201+,Enterprise,1798,2026-01-12,Y,2026-02-11
CUST-0167,Company 0167,Electrical,1-10,Basic,166,2024-12-04,N,
CUST-0168,Company 0168,Pest Control,1-10,Basic,182,2024-04-03,N,
CUST-0169,Company 0169,IT Field Services,11-50,Basic,188,2024-10-26,N,
CUST-0170,Company 0170,Landscaping,1-10,Basic,186,2024-07-21,N,
CUST-0171,Company 0171,Electrical,11-50,Professional,338,2025-03-28,N,
CUST-0172,Company 0172,Landscaping,1-10,Basic,128,2025-02-14,N,
CUST-0173,Company 0173,Cleaning Services,11-50,Enterprise,1577,2025-11-02,N,
CUST-0174,Company 0174,HVAC & Plumbing,1-10,Basic,155,2025-04-27,Y,2026-02-21
CUST-0175,Company 0175,IT Field Services,51-200,Enterprise,824,2025-04-05,N,
CUST-0176,Company 0176,Landscaping,1-10,Professional,373,2025-11-25,Y,2026-01-04
CUST-0177,Company 0177,IT Field Services,11-50,Professional,353,2025-09-12,N,
CUST-0178,Company 0178,Electrical,1-10,Professional,401,2024-09-25,N,
CUST-0179,Company 0179,Property Maintenance,11-50,Basic,171,2024-10-20,Y,2025-10-26
CUST-0180,Company 0180,Property Maintenance,1-10,Basic,151,2025-09-08,N,
CUST-0181,Company 0181,Property Maintenance,11-50,Professional,317,2025-01-25,N,
CUST-0182,Company 0182,IT Field Services,201+,Enterprise,1478,2024-11-14,N,
CUST-0183,Company 0183,IT Field Services,1-10,Basic,160,2024-11-05,N,
CUST-0184,Company 0184,Landscaping,1-10,Professional,404,2024-08-13,N,
CUST-0185,Company 0185,HVAC & Plumbing,11-50,Basic,193,2024-12-06,N,
CUST-0186,Company 0186,Cleaning Services,11-50,Enterprise,1203,2024-10-25,N,
CUST-0187,Company 0187,Cleaning Services,1-10,Professional,569,2024-04-14,N,
CUST-0188,Company 0188,Pest Control,51-200,Enterprise,972,2024-03-11,N,
CUST-0189,Company 0189,Pest Control,11-50,Basic,170,2024-11-22,Y,2025-12-25
CUST-0190,Company 0190,IT Field Services,11-50,Professional,508,2024-02-27,N,
CUST-0191,Company 0191,Cleaning Services,11-50,Professional,580,2024-08-23,Y,2026-02-14
CUST-0192,Company 0192,IT Field Services,1-10,Basic,112,2024-03-30,N,
CUST-0193,Company 0193,Property Maintenance,51-200,Enterprise,1675,2025-08-12,N,
CUST-0194,Company 0194,Pest Control,1-10,Professional,435,2024-08-20,N,
CUST-0195,Company 0195,Property Maintenance,1-10,Basic,161,2024-10-09,Y,2025-11-29
CUST-0196,Company 0196,Landscaping,11-50,Professional,466,2024-06-12,Y,2026-02-20
CUST-0197,Company 0197,Cleaning Services,1-10,Basic,142,2025-09-17,N,
CUST-0198,Company 0198,HVAC & Plumbing,1-10,Basic,155,2024-11-16,Y,2026-02-10
CUST-0199,Company 0199,Electrical,1-10,Basic,191,2025-06-03,N,
CUST-0200,Company 0200,Electrical,11-50,Basic,174,2024-10-02,N,
CUST-0201,Company 0201,HVAC & Plumbing,201+,Enterprise,1069,2024-09-26,N,
CUST-0202,Company 0202,Property Maintenance,51-200,Professional,334,2024-08-03,N,
CUST-0203,Company 0203,HVAC & Plumbing,1-10,Basic,174,2025-02-03,N,
CUST-0204,Company 0204,IT Field Services,1-10,Basic,183,2025-07-02,N,
CUST-0205,Company 0205,HVAC & Plumbing,11-50,Basic,145,2025-09-15,N,
CUST-0206,Company 0206,HVAC & Plumbing,11-50,Basic,132,2024-12-21,N,
CUST-0207,Company 0207,HVAC & Plumbing,1-10,Professional,403,2025-08-22,N,
CUST-0208,Company 0208,Cleaning Services,1-10,Professional,327,2025-03-18,N,
CUST-0209,Company 0209,Property Maintenance,11-50,Basic,146,2024-11-24,N,
CUST-0210,Company 0210,Pest Control,1-10,Professional,560,2025-01-25,Y,2025-10-21
CUST-0211,Company 0211,HVAC & Plumbing,11-50,Professional,375,2025-07-29,N,
CUST-0212,Company 0212,Property Maintenance,1-10,Basic,114,2025-12-06,Y,2026-01-05
CUST-0213,Company 0213,Electrical,1-10,Basic,193,2024-10-10,N,
CUST-0214,Company 0214,HVAC & Plumbing,1-10,Basic,180,2026-01-19,N,
CUST-0215,Company 0215,IT Field Services,201+,Enterprise,1806,2025-11-28,N,
CUST-0216,Company 0216,Cleaning Services,201+,Professional,596,2025-10-23,N,
CUST-0217,Company 0217,Cleaning Services,11-50,Professional,461,2024-10-22,N,
CUST-0218,Company 0218,Property Maintenance,51-200,Professional,378,2025-10-12,N,
CUST-0219,Company 0219,HVAC & Plumbing,1-10,Basic,189,2025-12-18,Y,2026-01-17
CUST-0220,Company 0220,HVAC & Plumbing,201+,Enterprise,1937,2024-07-14,N,
CUST-0221,Company 0221,Property Maintenance,11-50,Basic,173,2025-11-13,Y,2026-02-27
CUST-0222,Company 0222,IT Field Services,11-50,Professional,553,2025-12-29,N,
CUST-0223,Company 0223,IT Field Services,1-10,Basic,162,2024-07-14,N,
CUST-0224,Company 0224,Cleaning Services,1-10,Professional,426,2024-04-23,N,
CUST-0225,Company 0225,Electrical,1-10,Professional,411,2025-12-29,N,
CUST-0226,Company 0226,Electrical,1-10,Basic,133,2024-01-05,Y,2026-01-18
CUST-0227,Company 0227,HVAC & Plumbing,11-50,Professional,589,2024-06-30,N,
CUST-0228,Company 0228,Electrical,1-10,Professional,299,2025-02-23,N,
CUST-0229,Company 0229,Property Maintenance,11-50,Professional,336,2025-01-11,N,
CUST-0230,Company 0230,Pest Control,201+,Enterprise,1155,2024-02-04,N,
CUST-0231,Company 0231,HVAC & Plumbing,201+,Enterprise,1600,2024-06-26,Y,2025-10-12
CUST-0232,Company 0232,HVAC & Plumbing,1-10,Basic,120,2025-10-30,N,
CUST-0233,Company 0233,Pest Control,1-10,Basic,155,2025-08-11,N,
CUST-0234,Company 0234,Property Maintenance,11-50,Basic,156,2024-12-24,Y,2025-12-24
CUST-0235,Company 0235,IT Field Services,201+,Enterprise,862,2024-11-13,N,
CUST-0236,Company 0236,Pest Control,51-200,Enterprise,1342,2024-03-23,N,
CUST-0237,Company 0237,IT Field Services,11-50,Basic,102,2024-10-08,Y,2026-02-23
CUST-0238,Company 0238,IT Field Services,11-50,Professional,494,2025-01-15,N,
CUST-0239,Company 0239,Landscaping,1-10,Basic,171,2024-09-30,N,
CUST-0240,Company 0240,IT Field Services,11-50,Enterprise,1264,2024-07-11,N,
CUST-0241,Company 0241,HVAC & Plumbing,11-50,Professional,591,2024-03-06,N,
CUST-0242,Company 0242,Pest Control,11-50,Basic,175,2024-12-20,Y,2025-10-24
CUST-0243,Company 0243,Electrical,11-50,Enterprise,1004,2025-10-12,N,
CUST-0244,Company 0244,IT Field Services,11-50,Basic,134,2024-05-05,N,
CUST-0245,Company 0245,Landscaping,51-200,Professional,458,2025-04-16,N,
CUST-0246,Company 0246,Landscaping,11-50,Enterprise,981,2025-07-20,N,
CUST-0247,Company 0247,IT Field Services,11-50,Professional,590,2025-12-30,N,
CUST-0248,Company 0248,Pest Control,1-10,Basic,158,2024-04-18,N,
CUST-0249,Company 0249,Pest Control,51-200,Professional,444,2025-12-31,N,
CUST-0250,Company 0250,IT Field Services,1-10,Basic,159,2024-04-06,Y,2026-03-13
CUST-0251,Company 0251,Landscaping,11-50,Enterprise,1612,2024-06-09,N,
CUST-0252,Company 0252,Landscaping,11-50,Professional,432,2024-03-28,N,
CUST-0253,Company 0253,Cleaning Services,201+,Enterprise,1656,2024-12-10,N,
CUST-0254,Company 0254,Electrical,1-10,Basic,186,2024-09-28,N,
CUST-0255,Company 0255,IT Field Services,51-200,Professional,470,2024-03-29,Y,2025-12-15
CUST-0256,Company 0256,Cleaning Services,1-10,Professional,596,2024-05-03,Y,2026-01-25
CUST-0257,Company 0257,IT Field Services,51-200,Enterprise,1092,2025-03-11,N,
CUST-0258,Company 0258,Cleaning Services,1-10,Basic,172,2024-09-14,N,
CUST-0259,Company 0259,HVAC & Plumbing,51-200,Enterprise,1189,2026-01-10,N,
CUST-0260,Company 0260,HVAC & Plumbing,51-200,Professional,447,2024-10-19,N,
CUST-0261,Company 0261,Cleaning Services,1-10,Basic,192,2025-06-26,N,
CUST-0262,Company 0262,Property Maintenance,11-50,Basic,175,2024-03-22,Y,2026-03-10
CUST-0263,Company 0263,Landscaping,11-50,Basic,125,2024-04-23,Y,2025-11-28
CUST-0264,Company 0264,HVAC & Plumbing,1-10,Basic,162,2024-12-03,N,
CUST-0265,Company 0265,Pest Control,201+,Enterprise,1279,2026-01-26,Y,2026-02-25
CUST-0266,Company 0266,Pest Control,1-10,Basic,132,2025-10-18,N,
CUST-0267,Company 0267,HVAC & Plumbing,1-10,Basic,183,2025-02-26,N,
CUST-0268,Company 0268,Cleaning Services,1-10,Basic,187,2024-11-23,N,
CUST-0269,Company 0269,Property Maintenance,11-50,Professional,391,2024-05-13,N,
CUST-0270,Company 0270,Pest Control,1-10,Professional,594,2024-01-18,N,
CUST-0271,Company 0271,Electrical,11-50,Professional,375,2024-07-06,N,
CUST-0272,Company 0272,Electrical,1-10,Basic,105,2024-07-14,N,
CUST-0273,Company 0273,Landscaping,1-10,Professional,308,2025-10-15,N,
CUST-0274,Company 0274,Property Maintenance,1-10,Professional,454,2024-08-26,N,
CUST-0275,Company 0275,Pest Control,11-50,Professional,357,2025-10-21,N,
CUST-0276,Company 0276,Cleaning Services,1-10,Basic,112,2024-12-03,Y,2025-12-05
CUST-0277,Company 0277,Property Maintenance,51-200,Enterprise,1831,2025-09-13,N,
CUST-0278,Company 0278,Cleaning Services,51-200,Enterprise,1840,2025-07-31,N,
CUST-0279,Company 0279,Landscaping,11-50,Professional,449,2024-10-22,N,
CUST-0280,Company 0280,Electrical,1-10,Professional,447,2024-02-25,N,
CUST-0281,Company 0281,IT Field Services,201+,Enterprise,1892,2025-04-11,N,
CUST-0282,Company 0282,Landscaping,51-200,Professional,445,2024-02-29,N,
CUST-0283,Company 0283,Electrical,51-200,Enterprise,1595,2025-05-30,N,
CUST-0284,Company 0284,IT Field Services,1-10,Basic,124,2024-11-01,N,
CUST-0285,Company 0285,Cleaning Services,1-10,Basic,122,2024-01-07,N,
CUST-0286,Company 0286,Cleaning Services,11-50,Basic,104,2024-11-17,N,
CUST-0287,Company 0287,Electrical,201+,Enterprise,938,2024-08-29,N,
CUST-0288,Company 0288,Electrical,201+,Enterprise,1885,2024-09-29,N,
CUST-0289,Company 0289,HVAC & Plumbing,11-50,Professional,443,2026-01-03,N,
CUST-0290,Company 0290,IT Field Services,1-10,Basic,120,2024-07-27,N,
CUST-0291,Company 0291,Pest Control,51-200,Professional,377,2026-01-04,N,
CUST-0292,Company 0292,Electrical,51-200,Enterprise,1593,2024-10-24,N,
CUST-0293,Company 0293,IT Field Services,1-10,Basic,176,2024-11-02,Y,2026-03-08
CUST-0294,Company 0294,Pest Control,1-10,Basic,100,2024-07-09,Y,2026-03-05
CUST-0295,Company 0295,Landscaping,1-10,Basic,126,2024-04-07,N,
CUST-0296,Company 0296,IT Field Services,11-50,Professional,336,2025-04-06,N,
CUST-0297,Company 0297,IT Field Services,1-10,Basic,139,2025-02-26,N,
CUST-0298,Company 0298,Pest Control,11-50,Professional,483,2025-09-13,N,
CUST-0299,Company 0299,IT Field Services,1-10,Basic,116,2025-07-11,Y,2025-10-06
CUST-0300,Company 0300,HVAC & Plumbing,51-200,Enterprise,1628,2024-06-03,N,
CUST-0301,Company 0301,IT Field Services,11-50,Basic,145,2024-06-04,N,
CUST-0302,Company 0302,Pest Control,1-10,Professional,370,2024-10-29,Y,2025-10-22
CUST-0303,Company 0303,Electrical,1-10,Basic,128,2024-12-02,Y,2025-12-13
CUST-0304,Company 0304,Property Maintenance,51-200,Enterprise,1913,2024-06-24,N,
CUST-0305,Company 0305,IT Field Services,11-50,Professional,548,2024-09-22,N,
CUST-0306,Company 0306,Landscaping,1-10,Basic,119,2024-01-25,N,
CUST-0307,Company 0307,Electrical,11-50,Professional,310,2025-05-24,Y,2025-10-20
CUST-0308,Company 0308,IT Field Services,201+,Professional,444,2025-11-02,N,
CUST-0309,Company 0309,Property Maintenance,51-200,Enterprise,1845,2025-05-03,N,
CUST-0310,Company 0310,IT Field Services,11-50,Basic,176,2024-10-29,N,
CUST-0311,Company 0311,Property Maintenance,1-10,Basic,165,2025-12-15,N,
CUST-0312,Company 0312,Property Maintenance,1-10,Professional,577,2024-12-06,N,
CUST-0313,Company 0313,IT Field Services,1-10,Basic,147,2024-02-24,N,
CUST-0314,Company 0314,Cleaning Services,51-200,Enterprise,1929,2024-07-07,N,
CUST-0315,Company 0315,Property Maintenance,51-200,Professional,416,2024-10-28,N,
CUST-0316,Company 0316,Property Maintenance,1-10,Professional,521,2025-10-30,Y,2026-01-18
CUST-0317,Company 0317,IT Field Services,1-10,Basic,180,2026-01-18,Y,2026-02-17
CUST-0318,Company 0318,Electrical,1-10,Basic,198,2024-03-14,N,
CUST-0319,Company 0319,Landscaping,1-10,Basic,127,2025-07-13,N,
CUST-0320,Company 0320,Landscaping,51-200,Enterprise,1311,2024-02-18,N,
CUST-0321,Company 0321,IT Field Services,51-200,Enterprise,1037,2025-05-09,N,
CUST-0322,Company 0322,Electrical,1-10,Basic,185,2025-02-12,Y,2026-01-29
CUST-0323,Company 0323,Cleaning Services,51-200,Professional,422,2025-05-02,N,
CUST-0324,Company 0324,HVAC & Plumbing,51-200,Enterprise,885,2024-09-22,N,
CUST-0325,Company 0325,IT Field Services,1-10,Professional,515,2024-09-26,N,
CUST-0326,Company 0326,Property Maintenance,11-50,Basic,157,2024-02-13,N,
CUST-0327,Company 0327,Electrical,1-10,Professional,474,2025-01-19,Y,2025-11-27
CUST-0328,Company 0328,IT Field Services,11-50,Basic,191,2024-11-28,N,
CUST-0329,Company 0329,Pest Control,11-50,Professional,548,2025-03-27,N,
CUST-0330,Company 0330,Property Maintenance,11-50,Professional,470,2025-05-07,N,
CUST-0331,Company 0331,IT Field Services,11-50,Professional,388,2025-04-12,N,
CUST-0332,Company 0332,Property Maintenance,1-10,Basic,152,2024-06-22,N,
CUST-0333,Company 0333,Property Maintenance,51-200,Enterprise,1865,2024-10-24,N,
CUST-0334,Company 0334,Electrical,1-10,Basic,111,2024-10-29,N,
CUST-0335,Company 0335,Property Maintenance,201+,Professional,433,2024-05-06,N,
CUST-0336,Company 0336,HVAC & Plumbing,11-50,Professional,542,2024-10-07,N,
CUST-0337,Company 0337,Cleaning Services,11-50,Enterprise,1689,2024-08-10,N,
CUST-0338,Company 0338,HVAC & Plumbing,11-50,Basic,143,2024-07-30,Y,2025-11-10
CUST-0339,Company 0339,IT Field Services,11-50,Professional,586,2024-11-07,N,
CUST-0340,Company 0340,Property Maintenance,51-200,Professional,444,2024-04-04,N,
CUST-0341,Company 0341,Landscaping,11-50,Professional,395,2025-03-06,Y,2026-03-03
CUST-0342,Company 0342,Cleaning Services,1-10,Basic,138,2024-09-05,N,
CUST-0343,Company 0343,Electrical,1-10,Basic,147,2025-09-26,N,
CUST-0344,Company 0344,Electrical,11-50,Professional,464,2025-08-19,N,
CUST-0345,Company 0345,Landscaping,11-50,Professional,400,2025-01-24,N,
CUST-0346,Company 0346,HVAC & Plumbing,201+,Enterprise,1772,2024-02-24,N,
CUST-0347,Company 0347,Property Maintenance,11-50,Basic,144,2024-02-10,N,
CUST-0348,Company 0348,Landscaping,11-50,Professional,319,2024-09-19,N,
CUST-0349,Company 0349,Landscaping,51-200,Enterprise,1934,2025-08-17,N,
CUST-0350,Company 0350,IT Field Services,51-200,Enterprise,1288,2025-03-06,N,
CUST-0351,Company 0351,Landscaping,1-10,Basic,113,2024-10-05,Y,2026-02-10
CUST-0352,Company 0352,IT Field Services,11-50,Professional,324,2025-01-18,N,
CUST-0353,Company 0353,HVAC & Plumbing,11-50,Basic,145,2024-11-29,N,
CUST-0354,Company 0354,HVAC & Plumbing,11-50,Professional,496,2025-07-18,N,
CUST-0355,Company 0355,Pest Control,11-50,Professional,352,2025-08-11,N,
CUST-0356,Company 0356,Landscaping,11-50,Professional,464,2024-05-15,N,
CUST-0357,Company 0357,HVAC & Plumbing,11-50,Professional,307,2024-08-16,N,
CUST-0358,Company 0358,IT Field Services,11-50,Enterprise,1969,2025-08-23,N,
CUST-0359,Company 0359,HVAC & Plumbing,11-50,Enterprise,1244,2024-01-08,N,
CUST-0360,Company 0360,HVAC & Plumbing,51-200,Enterprise,1511,2024-11-10,N,
CUST-0361,Company 0361,HVAC & Plumbing,1-10,Professional,375,2025-02-28,N,
CUST-0362,Company 0362,Property Maintenance,11-50,Basic,142,2024-10-16,N,
CUST-0363,Company 0363,IT Field Services,1-10,Basic,182,2024-07-03,N,
CUST-0364,Company 0364,Electrical,1-10,Professional,311,2025-03-22,Y,2025-12-16
CUST-0365,Company 0365,Landscaping,1-10,Basic,113,2025-05-25,N,
CUST-0366,Company 0366,Electrical,51-200,Professional,403,2024-07-18,N,
CUST-0367,Company 0367,IT Field Services,1-10,Basic,106,2024-02-15,N,
CUST-0368,Company 0368,Property Maintenance,51-200,Enterprise,1019,2026-01-09,N,
CUST-0369,Company 0369,IT Field Services,1-10,Basic,163,2024-07-03,N,
CUST-0370,Company 0370,IT Field Services,1-10,Professional,500,2025-08-21,Y,2025-12-15
CUST-0371,Company 0371,IT Field Services,201+,Enterprise,1109,2025-02-13,N,
CUST-0372,Company 0372,Electrical,11-50,Enterprise,1111,2024-11-18,N,
CUST-0373,Company 0373,Pest Control,11-50,Professional,368,2024-11-14,N,
CUST-0374,Company 0374,Electrical,1-10,Basic,192,2024-11-18,N,
CUST-0375,Company 0375,IT Field Services,1-10,Professional,417,2024-05-28,Y,2026-03-09
CUST-0376,Company 0376,Electrical,51-200,Enterprise,1769,2025-09-10,N,
CUST-0377,Company 0377,Cleaning Services,51-200,Enterprise,1464,2024-10-17,N,
CUST-0378,Company 0378,IT Field Services,11-50,Basic,165,2024-10-31,N,
CUST-0379,Company 0379,IT Field Services,11-50,Basic,123,2024-12-17,N,
CUST-0380,Company 0380,Electrical,11-50,Professional,345,2024-01-20,N,
CUST-0381,Company 0381,IT Field Services,51-200,Professional,531,2025-10-28,N,
CUST-0382,Company 0382,IT Field Services,11-50,Professional,380,2025-01-06,N,
CUST-0383,Company 0383,Landscaping,11-50,Basic,119,2025-07-29,N,
CUST-0384,Company 0384,Pest Control,51-200,Enterprise,1390,2024-04-27,N,
CUST-0385,Company 0385,Cleaning Services,1-10,Professional,542,2024-10-21,N,
CUST-0386,Company 0386,IT Field Services,1-10,Professional,405,2025-12-09,Y,2026-03-01
CUST-0387,Company 0387,Pest Control,1-10,Professional,592,2024-07-02,Y,2025-11-19
CUST-0388,Company 0388,Property Maintenance,1-10,Basic,169,2024-10-29,Y,2026-01-04
CUST-0389,Company 0389,HVAC & Plumbing,11-50,Enterprise,1387,2024-11-17,N,
CUST-0390,Company 0390,Pest Control,11-50,Basic,177,2024-11-21,N,
CUST-0391,Company 0391,Pest Control,51-200,Professional,511,2024-12-01,Y,2025-12-16
CUST-0392,Company 0392,Landscaping,51-200,Professional,469,2025-02-13,N,
CUST-0393,Company 0393,Property Maintenance,1-10,Basic,160,2024-10-31,N,
CUST-0394,Company 0394,IT Field Services,1-10,Professional,468,2025-01-31,Y,2026-02-05
CUST-0395,Company 0395,IT Field Services,1-10,Basic,189,2024-02-02,Y,2025-11-30
CUST-0396,Company 0396,Landscaping,1-10,Basic,121,2024-12-24,N,
CUST-0397,Company 0397,Landscaping,51-200,Professional,349,2024-08-18,N,
CUST-0398,Company 0398,IT Field Services,51-200,Enterprise,1755,2025-12-12,N,
CUST-0399,Company 0399,Pest Control,1-10,Basic,119,2024-12-27,N,
CUST-0400,Company 0400,Property Maintenance,1-10,Basic,120,2024-10-11,N,
CUST-0401,Company 0401,IT Field Services,11-50,Professional,481,2025-03-15,N,
CUST-0402,Company 0402,Cleaning Services,1-10,Basic,186,2024-10-09,N,
CUST-0403,Company 0403,Landscaping,11-50,Basic,107,2025-02-03,N,
CUST-0404,Company 0404,Property Maintenance,1-10,Professional,335,2025-03-25,N,
CUST-0405,Company 0405,Property Maintenance,201+,Enterprise,1499,2024-07-20,N,
CUST-0406,Company 0406,Property Maintenance,11-50,Professional,506,2025-11-18,N,
CUST-0407,Company 0407,Property Maintenance,11-50,Basic,195,2024-12-09,N,
CUST-0408,Company 0408,Pest Control,1-10,Basic,190,2025-02-10,N,
CUST-0409,Company 0409,Property Maintenance,201+,Professional,443,2025-12-28,N,
CUST-0410,Company 0410,Electrical,11-50,Professional,583,2024-12-31,N,
CUST-0411,Company 0411,Pest Control,11-50,Basic,109,2024-11-05,N,
CUST-0412,Company 0412,Cleaning Services,11-50,Professional,394,2024-11-20,N,
CUST-0413,Company 0413,Pest Control,11-50,Enterprise,1785,2024-02-21,N,
CUST-0414,Company 0414,Cleaning Services,11-50,Basic,186,2024-06-14,N,
CUST-0415,Company 0415,Property Maintenance,1-10,Professional,561,2024-10-05,N,
CUST-0416,Company 0416,IT Field Services,1-10,Professional,595,2025-08-08,N,
CUST-0417,Company 0417,Landscaping,1-10,Professional,442,2025-04-22,N,
CUST-0418,Company 0418,Electrical,51-200,Professional,527,2025-01-15,N,
CUST-0419,Company 0419,Property Maintenance,11-50,Professional,495,2025-05-30,N,
CUST-0420,Company 0420,Cleaning Services,11-50,Professional,542,2024-08-01,N,
CUST-0421,Company 0421,IT Field Services,11-50,Basic,111,2024-04-16,N,
CUST-0422,Company 0422,Cleaning Services,51-200,Professional,398,2024-08-14,N,
CUST-0423,Company 0423,Pest Control,1-10,Basic,103,2024-12-17,Y,2025-10-14
CUST-0424,Company 0424,Property Maintenance,51-200,Enterprise,1177,2025-10-07,N,
CUST-0425,Company 0425,Electrical,51-200,Professional,330,2025-01-02,N,
CUST-0426,Company 0426,Cleaning Services,1-10,Professional,354,2025-09-03,N,
CUST-0427,Company 0427,Cleaning Services,1-10,Professional,375,2024-03-31,N,
CUST-0428,Company 0428,Property Maintenance,11-50,Professional,505,2024-01-14,N,
CUST-0429,Company 0429,Cleaning Services,1-10,Basic,145,2025-02-14,Y,2025-11-18
CUST-0430,Company 0430,Pest Control,1-10,Basic,112,2025-01-26,N,
CUST-0431,Company 0431,Property Maintenance,11-50,Professional,554,2024-07-31,N,
CUST-0432,Company 0432,Electrical,51-200,Enterprise,1737,2024-03-05,N,
CUST-0433,Company 0433,HVAC & Plumbing,1-10,Basic,100,2024-12-22,N,
CUST-0434,Company 0434,HVAC & Plumbing,1-10,Professional,411,2025-11-25,N,
CUST-0435,Company 0435,Property Maintenance,1-10,Basic,174,2024-12-20,Y,2026-02-07
CUST-0436,Company 0436,Electrical,1-10,Professional,491,2025-08-20,Y,2025-11-11
CUST-0437,Company 0437,IT Field Services,51-200,Enterprise,1773,2024-02-20,N,
CUST-0438,Company 0438,HVAC & Plumbing,11-50,Professional,477,2024-11-26,Y,2026-01-14
CUST-0439,Company 0439,Electrical,1-10,Basic,113,2024-02-27,N,
CUST-0440,Company 0440,Property Maintenance,11-50,Basic,193,2024-10-21,Y,2026-03-08
CUST-0441,Company 0441,Pest Control,51-200,Professional,355,2025-03-01,N,
CUST-0442,Company 0442,IT Field Services,11-50,Professional,490,2025-09-11,N,
CUST-0443,Company 0443,Electrical,1-10,Professional,533,2024-11-26,Y,2025-12-18
CUST-0444,Company 0444,Cleaning Services,51-200,Professional,541,2024-10-12,N,
CUST-0445,Company 0445,IT Field Services,201+,Enterprise,809,2024-11-27,N,
CUST-0446,Company 0446,Property Maintenance,11-50,Professional,570,2024-12-21,N,
CUST-0447,Company 0447,Electrical,1-10,Basic,129,2025-10-28,Y,2025-12-27
CUST-0448,Company 0448,Electrical,51-200,Enterprise,1749,2024-02-08,N,
CUST-0449,Company 0449,IT Field Services,51-200,Professional,470,2024-01-06,N,
CUST-0450,Company 0450,Electrical,11-50,Basic,170,2025-07-03,Y,2025-12-20
CUST-0451,Company 0451,Landscaping,1-10,Basic,143,2024-09-02,N,
CUST-0452,Company 0452,Pest Control,51-200,Professional,395,2024-10-17,Y,2025-12-05
CUST-0453,Company 0453,IT Field Services,201+,Professional,449,2024-11-28,N,
CUST-0454,Company 0454,Landscaping,1-10,Basic,128,2024-08-14,N,
CUST-0455,Company 0455,Property Maintenance,1-10,Basic,128,2025-04-08,N,
CUST-0456,Company 0456,Cleaning Services,201+,Enterprise,1128,2024-01-31,N,
CUST-0457,Company 0457,Cleaning Services,1-10,Basic,125,2025-12-24,N,
CUST-0458,Company 0458,Cleaning Services,51-200,Professional,301,2024-01-03,N,
CUST-0459,Company 0459,IT Field Services,11-50,Professional,472,2024-02-23,Y,2025-11-13
CUST-0460,Company 0460,Pest Control,1-10,Professional,412,2025-04-19,Y,2026-02-22
CUST-0461,Company 0461,IT Field Services,201+,Enterprise,1613,2025-08-30,N,
CUST-0462,Company 0462,Pest Control,201+,Enterprise,1390,2025-08-14,N,
CUST-0463,Company 0463,Cleaning Services,201+,Enterprise,1485,2025-11-22,N,
CUST-0464,Company 0464,Electrical,1-10,Basic,136,2025-12-16,N,
CUST-0465,Company 0465,Pest Control,51-200,Enterprise,1053,2024-03-30,N,
CUST-0466,Company 0466,IT Field Services,11-50,Professional,431,2024-04-25,N,
CUST-0467,Company 0467,Landscaping,11-50,Basic,144,2024-11-24,Y,2025-10-04
CUST-0468,Company 0468,IT Field Services,51-200,Enterprise,1459,2025-03-11,N,
CUST-0469,Company 0469,HVAC & Plumbing,1-10,Basic,146,2024-12-03,N,
CUST-0470,Company 0470,Property Maintenance,11-50,Professional,357,2024-11-27,N,
CUST-0471,Company 0471,Cleaning Services,1-10,Basic,116,2024-05-27,N,
CUST-0472,Company 0472,Electrical,1-10,Basic,153,2025-10-06,Y,2025-11-12
CUST-0473,Company 0473,HVAC & Plumbing,51-200,Professional,332,2025-03-26,N,
CUST-0474,Company 0474,Property Maintenance,51-200,Professional,595,2025-02-06,N,
CUST-0475,Company 0475,Electrical,11-50,Professional,386,2024-07-27,Y,2026-02-18
CUST-0476,Company 0476,Cleaning Services,11-50,Professional,415,2024-12-07,Y,2025-12-25
CUST-0477,Company 0477,HVAC & Plumbing,1-10,Professional,358,2024-12-30,N,
CUST-0478,Company 0478,Property Maintenance,51-200,Enterprise,1166,2026-01-15,N,
CUST-0479,Company 0479,Cleaning Services,11-50,Basic,193,2025-08-09,Y,2026-01-24
CUST-0480,Company 0480,Landscaping,51-200,Enterprise,1528,2024-09-28,N,
CUST-0481,Company 0481,Electrical,11-50,Basic,102,2024-12-22,N,
CUST-0482,Company 0482,IT Field Services,51-200,Enterprise,1212,2025-04-03,N,
CUST-0483,Company 0483,Cleaning Services,51-200,Professional,495,2024-10-25,N,
CUST-0484,Company 0484,Cleaning Services,51-200,Enterprise,1803,2024-03-24,N,
CUST-0485,Company 0485,Cleaning Services,11-50,Professional,479,2025-04-12,N,
CUST-0486,Company 0486,Property Maintenance,11-50,Enterprise,854,2024-04-28,N,
CUST-0487,Company 0487,HVAC & Plumbing,51-200,Professional,471,2025-08-08,Y,2025-12-22
CUST-0488,Company 0488,Cleaning Services,1-10,Professional,310,2025-03-10,N,
CUST-0489,Company 0489,Pest Control,1-10,Professional,452,2025-01-21,N,
CUST-0490,Company 0490,IT Field Services,11-50,Professional,346,2024-01-25,N,
CUST-0491,Company 0491,Landscaping,51-200,Professional,557,2025-03-27,N,
CUST-0492,Company 0492,Electrical,11-50,Professional,538,2025-04-29,N,
CUST-0493,Company 0493,Pest Control,11-50,Professional,521,2024-12-04,N,
CUST-0494,Company 0494,HVAC & Plumbing,1-10,Basic,130,2025-03-17,N,
CUST-0495,Company 0495,Landscaping,11-50,Basic,181,2024-01-20,N,
CUST-0496,Company 0496,Cleaning Services,51-200,Professional,502,2024-01-18,N,
CUST-0497,Company 0497,Landscaping,11-50,Basic,129,2025-03-14,N,
CUST-0498,Company 0498,Cleaning Services,1-10,Professional,327,2024-09-13,N,
CUST-0499,Company 0499,Property Maintenance,201+,Enterprise,1772,2024-01-27,N,
CUST-0500,Company 0500,Landscaping,11-50,Professional,484,2024-02-27,N,
